feature,mean,std
avg_pm25_exposure,11.854827928998862,3.6708430003837487
avg_no2_exposure,16.50835791251376,5.2021610084833805
