feature,mean_importance,std_importance,ci_lower_95,ci_upper_95,median_importance
h_is_smoker,0.025614906832298202,0.052691774802369466,-0.07755279503105586,0.09709316770186342,0.040372670807453465
h_bmi,-0.03254037267080738,0.05040505618159171,-0.10820186335403714,0.05797515527950314,-0.0422981366459626
h_age,-0.08538509316770182,0.042534101174711986,-0.15472360248447198,-0.009363354037267065,-0.09260869565217389
