feature,mean_importance,std_importance,ci_lower_95,ci_upper_95,median_importance
h_is_smoker,0.041236024844720456,0.03638440132175403,-0.01846273291925473,0.1004316770186335,0.04515527950310558
h_bmi,-0.013950310559006224,0.03733895966723347,-0.07987267080745347,0.04058695652173912,-0.014223602484471964
h_age,-0.064583850931677,0.05862519547943636,-0.17940372670807458,0.021822981366459642,-0.06409937888198758
