feature,mean_importance,std_importance,ci_lower_95,ci_upper_95,median_importance
h_is_smoker,0.1473540372670808,0.041008835935948874,0.07108695652173924,0.2018944099378882,0.15937888198757771
h_age,0.04683229813664602,0.026492616416395037,0.006385093167701905,0.10318012422360255,0.04322981366459633
h_bmi,-0.0013664596273291417,0.0019010676209988639,-0.004496894409937824,0.001869565217391286,-0.0013664596273291196
