feature,mean_importance,std_importance,ci_lower_95,ci_upper_95,median_importance
h_bmi,0.01110559006211181,0.04024022997169422,-0.06720186335403729,0.07089440993788819,0.011739130434782585
h_is_smoker,0.001043478260869596,0.03619512977552148,-0.06036645962732919,0.05846583850931678,0.0024844720496894346
h_age,-0.06472049689440988,0.05184041594879044,-0.16274223602484472,0.004453416149068406,-0.05173913043478262
