model,roc_auc,roc_auc_ci_lower,roc_auc_ci_upper,f1,brier_score,ece,accuracy
Logistic Regression,0.6971428571428572,0.5813730805427051,0.8017265387767832,0.0,0.1621812509780079,0.027097375865732,0.7666666666666667
Decision Tree,0.5314285714285715,0.4109051666024653,0.6412272347535505,0.2222222222222222,0.2097055838794032,0.1094891309427467,0.72
Random Forest,0.5515527950310559,0.4465864615042977,0.6639023994708994,0.2181818181818181,0.2130166666666666,0.1616666666666666,0.7133333333333334
XGBoost,0.5883229813664596,0.4871219211291555,0.7019479166666666,0.2181818181818181,0.2172864526510238,0.1676214798788229,0.7133333333333334
LightGBM,0.5450931677018633,0.4426927027112519,0.6633236423601699,0.196078431372549,0.2086047954180603,0.1622721152647525,0.7266666666666667
Cox PH,0.695155,0.580251,0.799819,0.430769,0.175373,0.0796,0.753333
Random Survival Forest,0.599503,0.488193,0.719409,0.350877,0.187641,0.103,0.753333
