model,Source AUC,Target AUC,Target CI Lower,Target CI Upper,AUC Drop
Logistic Regression,0.6971428571428572,0.6058027293956708,0.5826840562166035,0.6285395048591279,0.0913
Decision Tree,0.5314285714285715,0.532541333020126,0.5086526523563654,0.5571092548355959,-0.0011
Random Forest,0.5515527950310559,0.5489752243693821,0.5240528108708303,0.573981552759539,0.0026
XGBoost,0.5883229813664596,0.5396610450535102,0.5169137554940226,0.5623318412738794,0.0487
LightGBM,0.5450931677018633,0.5307305304720912,0.5057228643311764,0.5553182888997885,0.0144
Cox PH,0.695155,0.606518,0.583344,0.62915,0.0886
Random Survival Forest,0.599503,0.567735,0.54227,0.591644,0.0318
